"haiku_text","poet_name","latitude","longitude","location_type","location_name","poetry_type","keywords","season","keyword_id"
"旅寢を起す花の鐘撞","知足","35.099076","136.936228","句碑","松尾芭蕉句碑 春雨塚。愛知県名古屋市南区笠寺町上新町","脇句","花","春","119"
"月花の遊びにゆかむいざさらば","可尊","35.704126","139.468753","ゆかりの地","可尊句碑","俳句","月","秋","2813"
"賑やかに行くや三途の河原かな","石井亨","35.475495","139.631714","句碑","石井亨 辞世句碑「賑やかに行くや三途の河原かな」","俳句","","",""
"賑やかに行くや三途の河原かな","石井亨","39.906113","116.6414359","ゆかりの地","中華民国河北省通県","俳句","","",""
"百済野のむかしかたりや霜の萩","生田花朝","34.6616023","135.5214626","ゆかりの地","生田花朝女生誕地碑","俳句","萩","秋","3333"
"独り句の推敲をして遅き日を","高濱虚子","34.991667","135.763433","ゆかりの地","高浜虚子句碑","俳句","","",""
"梅てのむ茶屋も有べし死出の山","大高源吾","33.834111","132.764362","ゆかりの地","木村岡右衛門・大高源吾 辞世句碑","俳句","梅","春","791"
"炬燵から 山を眺めて ばかりかな","富澤赤黄男","33.47993","132.395399","ゆかりの地","富澤赤黄男誕生地の碑","俳句","炬燵","冬","4392"
"蝶落ちて 大音響の 結氷期","富澤赤黄男","33.47993","132.395399","ゆかりの地","富澤赤黄男誕生地の碑","俳句","氷","冬","4288"
"桃の汁滴らし途方もない計画だ","小林存","37.855306","139.15617","ゆかりの地","小林存生誕之地・句碑「桃の汁〜」","俳句","桃","秋","3299"
"薫風や千里北馬の嘶哉","本間雅晴","22.9973081","120.2252413","句碑","東興公園","俳句","","",""
"秋と云へば波打越しぬ御座の石","石井露月","39.751105","140.650518","句碑","石井露月句碑。秋田県仙北市西木町桧木内相内潟２","俳句","秋","秋","2943"
"朝市や鯛にかぶさる笹の露","正岡子規 ","39.39096","140.046123","句碑","正岡子規 句碑。秋田県由利本荘市本荘","俳句","露","秋","3544"
"月待つや独り古城の松のもと","宮野小提灯","39.699743","141.14976","句碑","宮野小提灯句碑。岩手県盛岡市内丸１−１","俳句","月","秋","2813"
"芹の水満ことなく減ることなく","田村了咲","39.696221","141.16365","句碑","田村了咲 句碑。岩手県盛岡市八幡町１３−１３","俳句","芹","春","231"
"夏草や兵どもが夢の跡","松尾芭蕉","38.987314","141.108521","句碑","松尾芭蕉句碑。岩手県西磐井郡平泉町平泉大沢","俳句","夏草","夏","1325"
"夏草や兵共が夢の跡","松尾芭蕉","38.997153","141.114314","句碑","松尾芭蕉句碑（夏草や 兵共が 夢の跡）。岩手県西磐井郡平泉町平泉柳御所３８−２","俳句","夏草","夏","1325"
"名月や鶴脛高き遠干潟","詠人不知","40.826847","140.742697","句碑","松尾芭蕉句碑。青森県青森市安方２丁目７","俳句","名月","秋","3453"
"春浅き鰊の浦や雪五尺","違星北斗","43.196612","140.786582","句碑","違星北斗句碑(よいち水産博物館)。北海道余市郡余市町入舟町","俳句","春","春","420"
"塩鮏のあ幾と風ふく寒さかな","幸田露伴","43.203267","140.775579","句碑","幸田露伴句碑。北海道余市郡余市町浜中町","俳句","","",""
"鶯や昔本陣今番屋","水見悠悠子","43.264592","140.639193","句碑","水見悠悠子句碑。北海道古平郡古平町浜町","俳句","鶯","春","1043"
"月となる洞爺の水にむし通ふ","臼田亜浪","42.590491","140.838503","句碑","臼田亜浪句碑。北海道虻田郡洞爺湖町洞爺湖温泉","俳句","月","秋","2813"
"山笑い海ほほえゑでゐる日かな","嶋田摩耶子","43.248271","141.352763","句碑","嶋田一歩·摩耶子句碑。北海道石狩市弁天町","俳句","","",""
"石狩の冬が近づくポプラかな","嶋田一歩","43.248271","141.352763","句碑","嶋田一歩·摩耶子句碑。北海道石狩市弁天町","俳句","冬","冬","4133"
"先駆けの玫瑰の芽の真紅","有馬朗人","43.248378","141.353245","句碑","有馬朗人句碑。北海道石狩市弁天町","俳句","","",""
"わが橇の馬が大きく町かくす","高浜年尾","43.248235","141.353062","句碑","高浜年尾句碑。北海道石狩市弁天町","俳句","橇","冬","4391"
"俤の眼にちらつくやたま祭","井上伝蔵","43.247848","141.353347","句碑","井上伝蔵句碑。北海道石狩市弁天町３８","俳句","祭","夏","1637"
"たんぽぽの咲きつづきつつ北の国","山口青邨","43.484003","142.226096","句碑","山口青邨句碑。北海道芦別市野花南町","俳句","","",""
"鮭曳の唄よ日が落つ風の碑","原狐葉","44.125598","143.97072","句碑","原孤葉句碑。北海道北見市常呂町栄浦","俳句","鮭","秋","2880"
"蔓もどき情はもつれやすき哉","高浜虚子","35.694982","139.741056","句碑","高浜虚子句碑 三輪田学園。東京都千代田区九段北３丁目３","俳句","","",""
"発句也松尾桃青宿の春","松尾芭蕉","35.676346","139.77875","句碑","松尾芭蕉句碑。東京都中央区日本橋室町１丁目１２−１３","俳句","春","春","420"
"菊の花咲くや石屋の石の間","松尾芭蕉","35.676346","139.77875","句碑","松尾芭蕉句碑。東京都中央区八丁堀２丁目３０−１８","俳句","花","春","119"
"桜狩りきとくや日々に五里六里","松尾芭蕉","35.703497","139.757612","句碑","松尾芭蕉句碑文京本郷昌清寺。東京都文京区本郷１丁目８","俳句","桜狩","春","315"
"年の瀬や川の流れと人の身は","大高源吾","35.694013","139.789922","句碑","大高源吾句碑。東京都墨田区両国１丁目１１","俳句","","",""
"はこべらや焦土の色の雀かな","波郷","35.677676","139.826236","句碑","波郷句碑。東京都江東区北砂２丁目１","俳句","はこべ","春","39"
"志者らくハ花のうへ奈る月夜可那","松尾芭蕉","35.660317","139.703591","句碑","松尾芭蕉句碑。東京都渋谷区渋谷３丁目５−１２","俳句","月","秋","2813"
"動支無御代画尓とら婆ふしの山","有竹居正義","35.69252","139.734007","句碑","有竹居正義句碑。東京都新宿区市谷八幡町 金刀比羅宮","俳句","","",""
"見きわめのつきしの末也放し鷹","有楽居千秋","35.692545","139.733916","句碑","有楽居千秋句碑。東京都新宿区市谷八幡町金刀比羅宮","俳句","鷹","冬","4090"
"父母のしきりにこひし雉子の聲","松尾芭蕉","35.743706","139.614395","句碑","松尾芭蕉句碑。東京都練馬区高野台３丁目１０−３","俳句","雉","春","1031"
"空は太初の青さ妻より林檎受く","中村草田男","35.71134","139.571898","句碑","中村草田男句碑。東京都武蔵野市吉祥寺北町３丁目３−１","俳句","林檎","秋","3533"
"吹き起る秋風鶴を歩ましむ","石田 波郷","35.667886","139.550458","句碑","石田波郷との師弟句碑。東京都調布市深大寺元町５丁目１５−１","俳句","秋風","秋","3042"
"草や木や十一月の深大寺","星野 麥丘人","35.667886","139.550458","句碑","星野麥丘人。東京都調布市深大寺元町５丁目１５−１","俳句","十一月","冬","3941"
"ひょろひょろとなお露けしやをみなえし","松尾芭蕉","35.704126","139.468753","句碑","松尾芭蕉句碑。東京都国分寺市西恋ケ窪１丁目２７−１７","俳句","露","秋","3544"
"郭公や狭山が丘も深からず","斎藤俳小星","35.766536","139.441504","句碑","斎藤俳小星句碑。東京都東村山市多摩湖町３丁目１５−４６","俳句","郭公","夏","1413"
"麦の穂をたよりにつかむ別れかな","松尾芭蕉","35.524001","139.692485","句碑","川崎宿 松尾芭蕉句碑。神奈川県川崎市川崎区日進町９−１１","俳句","麦","夏","2195"
"二郎系食べて懺悔家路かな","詠人不知","35.524001","139.692485","句碑","二郎。神奈川県川崎市川崎区日進町９−１１","俳句","","",""
"ちちははのしきりに恋し雉の声","松尾芭蕉","35.533833","139.730057","句碑","松尾芭蕉句碑。神奈川県川崎市川崎区大師町４","俳句","雉","春","1031"
"あかあかと日は難面も秋の風","松尾芭蕉","35.535606","139.636804","句碑","松尾芭蕉句碑。神奈川県横浜市港北区綱島東１丁目８−２０","俳句","秋","秋","2943"
"あかあかと日は難面も秋の風","松尾芭蕉","35.535606","139.636804","句碑","松尾芭蕉句碑。神奈川県横浜市港北区綱島東１丁目８−２０","俳句","秋","秋","2943"
"横須賀や只帆檣の冬木立","正岡子規","35.282826","139.66011","句碑","正岡子規の文学碑。神奈川県横須賀市汐入町１丁目","俳句","冬木立","冬","4220"
"蓬莱に聞かばや伊勢の初便","松尾芭蕉","35.51161","139.325509","句碑","松尾芭蕉句碑愛川八菅神社。神奈川県愛甲郡愛川町八菅山１４３","俳句","蓬莱","暮・新年","4936"
"鎌倉を生きて出でけむ初松魚","松尾芭蕉","35.410542","139.532048","句碑","霊水池芭蕉句碑。神奈川県横浜市戸塚区矢部町２４４ 0002","俳句","","",""
"七里浜夕日漂ふ波の上に伊豆の山々果し知らすも","西田幾多郎","35.302646","139.524698","句碑","西田幾多郎記念歌碑。神奈川県鎌倉市稲村ガ崎３丁目１９","俳句","","",""
"うらやまし浮世の北の山桜","松尾芭蕉","35.611426","140.123539","句碑","松尾芭蕉句碑。千葉県千葉市中央区中央１丁目１６−５","俳句","山桜","春","338"
"君が代の久しかるべきためしにはかねてぞ植し呼塚の松","詠人不知","35.873989","139.981565","句碑","馬頭観音塔・呼塚の松句碑。千葉県柏市柏３７０−２","俳句","","",""
"霜枯の佐倉見上ぐる野道かな","正岡子規","35.72186","140.217034","句碑","正岡子規句碑。千葉県佐倉市城内町","俳句","霜枯","冬","4069"
"凄かりし月の団蔵七代目","高浜虚子","35.785617","140.321194","句碑","高浜虚子句碑。千葉県成田市成田１ 成田山新勝寺","俳句","月","秋","2813"
"観音のいらか見やりつ華の雲","松尾芭蕉","35.866787","140.34184","句碑","松尾芭蕉句碑成田滑川龍正院・夫婦松。千葉県成田市滑川１０９３−１","俳句","","",""
"初時雨猿簑欲しや九十九谷","松尾芭蕉","35.251917","139.988548","句碑","松尾芭蕉の碑。千葉県君津市西粟倉","俳句","初時雨","冬","3955"
"人殺す我かも知らず飛ぶ螢","前田普羅","35.44781","140.40236","句碑","前田普羅句碑 (白子自然公園)。千葉県長生郡白子町古所３２９１","俳句","","",""
"ゆく春や紫さむる筑波山","与謝蕪村","36.308249","139.885621","句碑","与謝蕪村句碑。茨城県結城市結城２４８６","俳句","春","春","420"
"崖急に梅ことごとく斜めなり","正岡子規","36.373755","140.452804","句碑","正岡子規句碑。茨城県水戸市常磐町１丁目３","俳句","梅","春","791"
"この里は気吹戸主の風寒し","松尾芭蕉","35.885651","140.624447","句碑","松尾芭蕉句碑。茨城県神栖市息栖","俳句","寒し","冬","3752"
"夏来ても只一つ葉のひとつかな","松尾芭蕉","36.291926","140.254536","句碑","松尾芭蕉句碑。茨城県笠間市泉","俳句","一つ葉","夏","1204"
"あらたふと青葉若葉の日の光里","松尾芭蕉","36.749186","139.580674","句碑","松尾芭蕉句碑。栃木県日光市久次良町１７８６","俳句","あら","冬","3635"
"飯貝や雨に泊まりて田螺聞く","松尾芭蕉","36.477876","140.020623","句碑","松尾芭蕉句碑。栃木県真岡市飯貝４７８","俳句","田螺","春","731"
"野を横に馬牽むけよほととぎす","松尾芭蕉","36.862574","140.116848","句碑","松尾芭蕉句碑大田原前田（野を横に）。栃木県大田原市黒羽向町","俳句","時鳥","夏","1697"
"夏山に足駄を拝む首途哉","松尾芭蕉","36.868073","140.102185","句碑","修験光明寺跡・松尾芭蕉句碑。栃木県大田原市余瀬６５","俳句","夏","夏","1263"
"湯をむすぶ誓も同じ石清水","松尾芭蕉","37.099811","139.999028","句碑","松尾芭蕉句碑那須温泉神社。栃木県那須郡那須町大島","俳句","清水","夏","1857"
"古池や蛙飛び込む水の音","松尾芭蕉","36.273864","139.765878","句碑","松尾芭蕉句碑。栃木県小山市間々田２３２９","俳句","蛙","春","174"
"古池や蛙飛び込む水の音","松尾芭蕉","36.273864","139.765878","句碑","松尾芭蕉句碑。栃木県小山市間々田２３２９","俳句","蛙","春","174"
"さまさまな事思ひ足す桜かな","松尾芭蕉","36.183295","139.587093","句碑","松尾芭蕉句碑 円照寺。埼玉県羽生市弥勒１５６８","俳句","桜","春","308"
"遘菜にきかはや伊勢の初便","松尾芭蕉","36.175616","139.549776","句碑","松尾芭蕉句碑 古城天満宮。埼玉県羽生市東５丁目７−７","俳句","","",""
"古池や蛙飛び込む水の音","松尾芭蕉","36.17599","139.536914","句碑","松尾芭蕉句碑 観音寺薬師堂。埼玉県羽生市北１丁目１０−２４","俳句","蛙","春","174"
"砧うつ隣に寒き旅寝哉","正岡子規","35.923777","139.485029","句碑","正岡子規句碑。埼玉県川越市大手町５","俳句","砧","秋","2758"
"名月の花かと見えて綿はたけ","松尾芭蕉","36.021654","139.406872","句碑","松尾芭蕉句碑。埼玉県東松山市上野本１２６７","俳句","名月","秋","3453"
"原中や物にもつかず啼雲雀","松尾芭蕉","36.002144","139.510099","句碑","石戸宿 松尾芭蕉句碑。埼玉県北本市石戸宿４丁目２３８","俳句","雲雀","春","90"
"原中や物にもつかず啼雲雀","松尾芭蕉","36.002144","139.510098","句碑","松尾芭蕉句碑。埼玉県北本市石戸宿４丁目２３８","俳句","雲雀","春","90"
"秋の野や草の中行く風のおと","松尾芭蕉","36.205077","139.316016","句碑","松尾芭蕉句碑２基。埼玉県深谷市宮ケ谷戸１８１","俳句","秋の野","秋","2993"
"大雨に獅子をふりこむ祭可南","村上鬼城","36.33401","138.99546","句碑","村上鬼城句碑。群馬県高崎市並榎町３６４−１","俳句","祭","夏","1637"
"涅槃會や皺手合する数珠の音","松尾芭蕉","36.230007","138.739304","句碑","永寿寺本堂 松尾芭蕉句碑。群馬県甘楽郡下仁田町東野牧４２３","俳句","","",""
"百年のけしきを庭の落ち葉かな","松尾芭蕉","36.384659","138.883007","句碑","松尾芭蕉句碑。群馬県高崎市下室田町９１９","俳句","","",""
"しばらくは花の上なる月夜かな","松尾芭蕉","36.652083","139.029637","句碑","松尾芭蕉句碑。群馬県沼田市白岩町３７８ 0033","俳句","月","秋","2813"
"開帳に逢ふや雀もおや子連れ","小林一茶","36.661517","138.188874","句碑","小林一茶句碑。長野県長野市長野元善町","俳句","開帳","春","170"
"春風や牛に引かれて善光寺","小林一茶","36.661517","138.188874","句碑","小林一茶句碑。長野県長野市長野元善町","俳句","春","春","420"
"おく霜や浅間の峰にあかねさす","伊東深水","36.4043","138.469505","句碑","伊東深水句碑。長野県小諸市甲","俳句","霜","冬","4066"
"涼しさや直に野松の枝の形","松尾芭蕉","36.272917","138.412023","句碑","松尾芭蕉句碑・大日如来坐像。長野県佐久市御馬寄","俳句","涼し","夏","2412"
"刈かけし田面の鶴や里の秋","松尾芭蕉","36.268775","138.455214","句碑","松尾芭蕉句碑。長野県佐久市平塚２１０","俳句","秋","秋","2943"
"馬をさへなかむる雪のあした哉","松尾芭蕉","36.36158","138.638993","句碑","松尾芭蕉句碑。長野県北佐久郡軽井沢町軽井沢","俳句","雪","冬","4033"
"おもい出す木曽や四月のさくら狩り","松尾芭蕉","35.855432","137.711589","句碑","松尾芭蕉句碑・あら町の経塚碑。長野県木曽郡木曽町新開","俳句","花見","春","129"
"勢ひあり氷消えては瀧津魚","松尾芭蕉","35.54039","138.890327","句碑","松尾芭蕉句碑 田原の滝。山梨県都留市上谷４丁目２−２０５２","俳句","氷","冬","4288"
"夕立たむ駒岳の雲田に染美つ亞山","武藤亜山","35.788501","138.370608","句碑","水車小屋と武藤亜山句碑。山梨県北杜市武川町三吹２５６９","俳句","夕立","夏","2386"
"ほとゝきす横たふ聲や水の上","松尾芭蕉","35.643752","139.100989","句碑","松尾芭蕉句碑 鏡渡橋東詰。山梨県上野原市上野原","俳句","鱚","夏","2552"
"馬ほくほく我を絵に見る夏野かな","松尾芭蕉","35.607466","138.993668","句碑","松尾芭蕉句碑 鳥沢橋梁。山梨県大月市猿橋町藤崎","俳句","夏野","夏","1350"
"草臥れて宿かるころや藤の花","松尾芭蕉","35.607466","138.993668","句碑","松尾芭蕉句碑 鳥沢橋梁。山梨県大月市猿橋町藤崎","俳句","花","春","119"
"山さとは万歳おそし梅の花","松尾芭蕉","35.660105","138.73408","句碑","松尾芭蕉句碑 (勝沼の芭蕉塚)。山梨県甲州市勝沼町勝沼２１００","俳句","万歳","暮・新年","4941"
"冬なのにバイクで行ったらいと寒し","詠人不知","35.478909","138.410667","句碑","句碑の里。山梨県南巨摩郡身延町久成","俳句","寒し","冬","3752"
"どんみりと樗や雨の花曇り","松尾芭蕉","35.122423","138.915309","句碑","松尾芭蕉句碑。静岡県三島市大宮町２丁目１","俳句","花曇","春","142"
"目にかかる時やことさら五月富士","松尾芭蕉","35.170404","138.685022","句碑","源太坂 松尾芭蕉句碑。静岡県富士市今泉９丁目７−１４ スカイハイム 緑ケ丘 B","俳句","五月富士","夏","1591"
"やはらかにたけよ今年の手作麦","松尾芭蕉","34.832672","138.176166","句碑","松尾芭蕉句碑。静岡県島田市本通３丁目 静銀島田支店前","俳句","今年","暮・新年","4565"
"田植えと共に旅の朝起","松尾芭蕉","34.832672","138.176166","句碑","松尾芭蕉句碑。静岡県島田市本通３丁目 静銀島田支店前","俳句","田植","夏","2076"
"稗しごことこぼれ太陽のふところに","波月","34.830623","138.154976","句碑","田中波月句碑。静岡県島田市河原１丁目１５−１５","俳句","稗","秋","3370"
"天の川濱名の橋の十文字子規","正岡子規","34.68888","137.604403","句碑","正岡子規句碑「天の川」。静岡県浜松市中央区舞阪町弁天島２６６９","俳句","天の川","秋","3281"
"鴨すでに一連とぶやそこの空","原田濱人","34.694945","137.594468","句碑","原田濱人句碑。静岡県浜松市中央区舞阪町弁天島４３１ 0214","俳句","鴨","冬","3747"
"馬に寝て残夢月遠し茶のけぶり","松尾芭蕉","34.805932","138.085215","句碑","芭蕉芭蕉句碑 「馬に寝て」。静岡県掛川市八坂 Unnamed Road","俳句","月","秋","2813"
"ごを焚いて手拭あぶる寒さ哉","松尾芭蕉","34.771173","137.384795","句碑","松尾芭蕉句碑。愛知県豊橋市湊町６","俳句","","",""
"寒けれど二人旅寝ぞたのもしき","松尾芭蕉","34.771173","137.384795","句碑","松尾芭蕉句碑。愛知県豊橋市湊町６","俳句","","",""
"寒けれと二人旅ねそたのもしき","松尾芭蕉","34.771852","137.3847","句碑","松尾芭蕉句碑 旅寝塚。愛知県豊橋市湊町７ 湊町公園","俳句","","",""
"道のべの木槿は馬に喰われけり","松尾芭蕉","34.683198","137.439622","句碑","木槿塚 芭蕉句碑。愛知県豊橋市小松原町坪尻","俳句","木槿","秋","3472"
"冬の日や馬上に氷る影法師","松尾芭蕉","34.681966","137.316011","句碑","松尾芭蕉句碑 影法師塚。愛知県豊橋市杉山町新々田１１５","俳句","冬の日","冬","4158"
"春ながら名古屋にも似ぬ空の色","坪井杜国","34.622143","137.097262","句碑","杜国屋敷跡。愛知県田原市保美町下地２０−２","俳句","春","春","420"
"鷹ひとつ見つけてうれし伊良虞崎","松尾芭蕉","34.588657","137.029434","句碑","松尾芭蕉句碑公園。愛知県田原市伊良湖町宮下","俳句","鷹","冬","4090"
"月いまし紙の如しや霧過ぐる","岡田耿陽","34.806503","137.252901","句碑","岡田耿陽句碑。愛知県蒲郡市三谷町若宮","俳句","月","秋","2813"
"波ゆきて月の映えれる渚かな","岡田耿陽","34.806503","137.252901","句碑","岡田耿陽句碑。愛知県蒲郡市三谷町若宮","俳句","月","秋","2813"
"漂えるもののかたちや夜光虫","岡田耿陽","34.81633","137.248191","句碑","岡田耿陽句碑。愛知県蒲郡市三谷町六舗３７","俳句","虫","秋","3251"
"笠寺やもらぬ岩屋も春の雨","松尾芭蕉","35.099076","136.936228","句碑","松尾芭蕉句碑 春雨塚。愛知県名古屋市南区笠寺町上新町","俳句","春の雨","春","425"
"かさ寺や夕日こほるゝ晴しくれ","素堂","35.099076","136.936228","句碑","松尾芭蕉句碑 春雨塚。愛知県名古屋市南区笠寺町上新町","俳句","","",""
"大悲のこのは鰭となる池","蝶羽","35.099076","136.936228","句碑","松尾芭蕉句碑 春雨塚。愛知県名古屋市南区笠寺町上新町","俳句","","",""
"かさ寺や浮世の雨を峰の月","亀世","35.099076","136.936228","句碑","松尾芭蕉句碑 春雨塚。愛知県名古屋市南区笠寺町上新町","俳句","月","秋","2813"
"桜紅葉いまを御旗の色にして","巌谷小波","34.896719","136.919942","句碑","巌谷小波句碑。愛知県半田市雁宿町３丁目２０","俳句","桜紅葉","秋","2879"
"あらたふと青葉若葉の日の光","松尾芭蕉","35.365684","136.61998","句碑","松尾芭蕉句碑①。岐阜県大垣市錦町３８","俳句","あら","冬","3635"
"いざさらば雪見にころぶところまで","松尾芭蕉","35.398913","137.28073","句碑","松尾芭蕉句碑。岐阜県瑞浪市釜戸町６７３","俳句","蚋","夏","2516"
"天人も居り世包みの浦の夏","白童子","34.822995","136.58717","句碑","松島十湖句碑「天人も」。三重県鈴鹿市寺家町","俳句","夏","夏","1263"
"雪嶺の大三角を鎌と呼ぶ","山口誓子","35.02016","136.419134","句碑","山口誓子句碑。三重県三重郡菰野町菰野","俳句","雪","冬","4033"
"松檜左右に開き青嶺見す","山口誓子","35.045633","136.479041","句碑","山口誓子 句碑「松檜」。三重県三重郡菰野町千草","俳句","","",""
"山中に只咲いて居る桜哉","天春静堂","35.052503","136.475226","句碑","天春静堂「山中に」句碑。三重県三重郡菰野町杉谷","俳句","桜","春","308"
"松頼もさくら吹雪も濠を越す","土生暁帝","35.064936","136.697792","句碑","土生暁帝句碑。三重県桑名市吉之丸","俳句","吹雪","冬","4003"
"宮人よ我名を散らせ落葉川","松尾芭蕉","35.134992","136.623482","句碑","多度大社 松尾芭蕉句碑。三重県桑名市多度町多度１６８１","俳句","落葉","冬","4360"
"乞食の敷根はにくし花菫","日置てい女","35.082682","136.552301","句碑","日置てい女「風は」句碑。三重県いなべ市大安町門前５１１ 0281","俳句","花","春","119"
"注連引くと見る横雲や初日の出","日置てい女","35.079074","136.556232","句碑","日置てい女(俳号：梅仙)「注連引くと」句碑(徳善寺)。三重県いなべ市大安町梅戸６７４","俳句","初日","暮・新年","4717"
"何の木の花とはしらすにほひかな","松尾芭蕉","34.485652","136.710017","句碑","何木塚。三重県伊勢市岡本１丁目１７","俳句","花","春","119"
"何事のおはしますかは知らねどもかたじけなさに涙こぼるる","西行法師","34.485652","136.710017","句碑","何木塚。三重県伊勢市岡本１丁目１７","俳句","","",""
"手ばなかむおとさへ梅のにほひかな","松尾芭蕉","34.786922","136.16247","句碑","松尾芭蕉句碑伊賀一之宮。三重県伊賀市一之宮","俳句","梅","春","791"
"五月雨も瀬ふみ尋ねぬ見馴川","松尾芭蕉","34.77896","136.085967","句碑","松尾芭蕉句碑。三重県伊賀市西山","俳句","五月雨","夏","1586"
"月と日の間に二見の朝ぼらけ","松島十湖","34.508384","136.784186","句碑","松島十湖句碑「月と日の」。三重県伊勢市二見町茶屋","俳句","鰡","秋","3613"
"うたがふな潮の花も浦の春","松尾芭蕉","34.508378","136.784029","句碑","松尾芭蕉句碑伊勢二見茶屋「うたがふな」。三重県伊勢市二見町茶屋","俳句","春","春","420"
"夜は花の上に音あり山の水","可涼園桃乙","34.0918","136.201532","句碑","可涼園桃乙句碑 馬越峠。三重県北牟婁郡紀北町相賀","俳句","花","春","119"
"鎖明けて月さし入れよ浮御堂","松尾芭蕉","35.111553","135.922051","句碑","松尾芭蕉句碑 堅田十六夜の弁。滋賀県大津市本堅田１丁目１８−１８","俳句","月","秋","2813"
"やすやすと出でていざよふ月の雲","松尾芭蕉","35.111553","135.922051","句碑","松尾芭蕉句碑 堅田十六夜の弁。滋賀県大津市本堅田１丁目１８−１８","俳句","月","秋","2813"
"一本の大夏木とはここらしき","高野曽十","35.279542","136.016679","句碑","曽十・はる師弟句碑。滋賀県高島市鵜川","俳句","夏","夏","1263"
"世にふさき句会重ねて虫を聞く","上原はる","35.279542","136.016679","句碑","曽十・はる師弟句碑。滋賀県高島市鵜川","俳句","虫","秋","3251"
"菜畠に花見顔なる雀哉","松尾芭蕉","35.005827","136.097844","句碑","松尾芭蕉句碑湖南岩根小学校前（川畔碑）。滋賀県湖南市岩根","俳句","花見","春","129"
"こんにゃくのさしみもすこし梅の花","松尾芭蕉","35.080597","136.320183","句碑","松尾芭蕉句碑。滋賀県東近江市永源寺高野町５２７ 0212","俳句","梅","春","791"
"はがれたる身にはきぬたのひびきかな","詠人不知","34.999557","136.208852","句碑","松尾芭蕉句碑。滋賀県蒲生郡日野町別所","俳句","","",""
"浪華津にさく夜の雨や花の春","西山宗因","34.695631","135.512266","句碑","西山宗因『浪華津に さく夜の雨や 花の春』句碑。大阪府大阪市北区天神橋２丁目１","俳句","春","春","420"
"舟渡御ふなとぎょへ見せて浪速の土性骨どしょっぽね","北山河","34.69674","135.512972","句碑","北山河句碑。大阪府大阪市北区天神橋２丁目１","俳句","","",""
"しら菊の目に立て見る塵もなし","松尾芭蕉","34.701749","135.504017","句碑","松尾芭蕉句碑（太融寺）。大阪府大阪市北区太融寺町３","俳句","菊","秋","2739"
"春風や堤長うして家遠し","与謝蕪村","34.721805","135.517336","句碑","与謝蕪村生誕地の碑・句碑。大阪府大阪市都島区毛馬町３丁目７−１３","俳句","春","春","420"
"しら梅にあくる夜ばかりとなりにけり","与謝蕪村","34.721805","135.517336","句碑","与謝蕪村生誕地の碑・句碑。大阪府大阪市都島区毛馬町３丁目７−１３","俳句","鳧","夏","2556"
"梅の香の立ちのぼりてや月のかさ","与謝蕪村","34.721805","135.517336","句碑","与謝蕪村生誕地の碑・句碑。大阪府大阪市都島区毛馬町３丁目７−１３","俳句","月","秋","2813"
"一輪を五つにわけて梅ちりぬ","与謝蕪村","34.721805","135.517336","句碑","与謝蕪村生誕地の碑・句碑。大阪府大阪市都島区毛馬町３丁目７−１３","俳句","梅","春","791"
"天地の恵みをしるや華の時","乕丸","34.68071","135.533206","句碑","猫間川をたたえる句碑。大阪府大阪市中央区森ノ宮中央１丁目１４−１０ 鵲森ノ宮ハイツ","俳句","","",""
"旅に病むで夢は枯野をかけめぐる","松尾芭蕉","34.680138","135.499518","句碑","松尾芭蕉句碑。大阪府大阪市中央区久太郎町４丁目１−１１","俳句","枯野","冬","3873"
"行春の島は人住む煙かな？","生田花朝","34.653009","135.517325","句碑","生田花朝句碑。大阪府大阪市天王寺区四天王寺１丁目１１","俳句","春","春","420"
"飯蛸や春の景色は淡路より","生田花朝","","句碑","生田花朝句碑。","俳句","","飯蛸","春","817"
"餅花の柳芽をふく二月かな","生田花朝","","句碑","生田花朝句碑。","俳句","","二月","春","763"
"春はやきこぶしのうれひさきみちてたゞにひと木はすべなきものを","折口信夫","34.657425","135.497504","句碑","折口信夫 歌碑。","俳句","","",""
"ふる池や蛙飛込む水のおと","松尾芭蕉","34.797203","135.508611","句碑","松尾芭蕉句碑。","俳句","蛙","春","174"
"丘の上に来て風は秋雲は秋","下村非文","34.825718","135.509954","句碑","下村非文句碑「丘の上に来て風は秋雲は秋」。","俳句","秋","秋","2943"
"菊の香にくらがり登る節句かな","松尾芭蕉","34.671609","135.654972","句碑","松尾芭蕉句碑 暗峠。","俳句","菊","秋","2739"
"大和川砂にわたせる板橋を遠くおもへと月見草咲く沙白き新大和川わが町にさかひ少女の浄かれと添ふ橋一つ越え大阪に続くより近きこころに作れ都も","与謝蕪村","34.587828","135.498378","句碑","浅香山緑道 与謝野晶子歌碑。","俳句","","",""
"独り句の推敲をして遅き日を","高濱虚子","34.991667","135.763433","句碑","高浜虚子句碑。","俳句","","",""
"千年の昔の園もかくやありし木の下かげに乱れさく萩","湯川秀樹","35.024021","135.767356","句碑","湯川秀樹歌碑。","俳句","","",""
"半日は神を友にや年忘","松尾芭蕉","35.036565","135.761137","句碑","松尾芭蕉句碑 上御霊神社。","俳句","年忘","暮・新年","4891"
"千早振神のめぐみ深くして八十ぢに満つる幸を得にけり","新村出","35.036567","135.761244","句碑","新村出歌碑。","俳句","","",""
"通ひ路は二条寺町夕詠","井原西鶴","35.013345","135.767344","句碑","井原西鶴歌碑。","俳句","","",""
"春の川を隔てゝ男女哉","夏目漱石","35.01082","135.77104","句碑","夏目漱石句碑。","俳句","春の川","春","439"
"燃えさかり筆太となる大文字","山口誓子","35.008822","135.772526","句碑","山口誓子句碑。","俳句","大文字","秋","3222"
"われをわれとしろしめすかやすべらぎの玉のみ声のかかる嬉しさ","髙山彦九郎","35.009","135.772625","句碑","髙山彦九郎歌碑。","俳句","","",""
"八雲たつ出雲八重垣妻ごみに八重垣つくるその八重垣を","素戔嗚尊","35.003848","135.7786","句碑","御神詠歌 歌碑。","俳句","","",""
"かにかくに祇園はこひし寐(ぬ)るときも枕のしたを水のながるる","吉井 勇","35.0055","135.773917","句碑","かにかくに碑(吉井勇 歌碑)。","俳句","","",""
"風薫る左文右武の學舎跡","鈴鹿登","35.015293","135.780911","句碑","大日本武徳会「薫風句碑」。","俳句","風薫る","夏","2284"
"この門を入れば涼風おのづから","森永湛堂老師","35.011395","135.7919","句碑","森永湛堂老師句碑。","俳句","涼風","夏","2416"
"手束弓手に取り持ちて朝狩に君は立たしぬ棚倉の野に","詠人不知","34.775693","135.812329","句碑","棚倉歌碑。","俳句","","",""
"みかの原わきて流るるいづみ川いつ見きとてか恋しかるらむ","詠人不知","34.759388","135.871916","句碑","中納言兼輔歌碑。","俳句","","",""
"はし立てや松は月日のこぼれ種","与謝蕪村","35.563369","135.187973","句碑","与謝蕪村句碑。","俳句","月","秋","2813"
"若葉して御目の雫拭はばや","松尾芭蕉","34.676214","135.785089","句碑","松尾芭蕉句碑 開山堂。","俳句","若葉","夏","1721"
"古郷之飛鳥者在有青丹吉平城之明日香ヲ見楽思好裳","大伴坂上郎女","34.677925","135.83156","句碑","平城の飛鳥の万葉歌碑。","俳句","","",""
"塚の虫茶葉人となりてうく","磯野莞人","34.693496","135.779736","句碑","磯野莞人 句碑。","俳句","虫","秋","3251"
"うぐいすを魂にねむるか矯楊","松尾芭蕉","34.617234","135.830683","句碑","松尾芭蕉句碑（在原神社）。","俳句","","",""
"見上ぐれば桜しもうて紀三井寺","松尾芭蕉","34.184393","135.189453","句碑","松尾芭蕉句碑。","俳句","桜","春","308"
"父母のしきりにこいし雉子の声","松尾芭蕉","34.219358","135.604999","句碑","松尾芭蕉句碑高野山雉子塚。","俳句","雉","春","1031"
"一水の緑陰に入るところかな","高浜年尾","34.220793","135.605598","句碑","高浜年尾句碑。","俳句","緑陰","夏","2417"
"ひとつぬきてうしろにおひぬころもかへ","松尾芭蕉","34.280402","135.405906","句碑","松尾芭蕉句碑。","俳句","","",""
"友待つと見へず紅葉に一人かな","松尾芭蕉","34.668954","135.128181","句碑","松尾芭蕉句碑。","俳句","紅葉","秋","2851"
"須磨寺やふかぬ笛きく木下闇","松尾芭蕉","34.644983","135.115126","句碑","松尾芭蕉句碑。","俳句","木下闇","夏","2342"
"暁や白帆過ぎ行く蚊帳の外","正岡子規","34.64911","135.112617","句碑","正岡子規句碑。","俳句","蚊帳","夏","1385"
"はりまがた舞子の浜に旅寝して見し夜こひしき月の影かな","明治天皇","34.630875","135.035408","句碑","明治天皇の歌碑。","俳句","","",""
"あしたづの舞子の浜の松原は千代を養う處なりけり","明治天皇","34.630875","135.035408","句碑","明治天皇の歌碑。","俳句","","",""
"播磨潟舞子の浜の浜松にかげに遊びし春惜しぞ思う","明治天皇","34.630875","135.035408","句碑","明治天皇の歌碑。","俳句","","",""
"照る日かな蒸すほど暑き甑岩","祖山崎宗鑑","34.758438","135.322043","句碑","祖山崎宗鑑 歌碑。","俳句","","",""
"賤の女や袋あらひの水の色","鬼貫","34.779785","135.421426","句碑","鬼貫句碑。","俳句","あら","冬","3635"
"岬に立つ帰郷草笛息つづかず","西村蓼花","35.613084","134.386523","句碑","西村蓼花句碑。","俳句","草笛","夏","1963"
"涼しさを飛騨の工が指図かな","松尾芭蕉","34.864019","134.961401","句碑","松尾芭蕉句碑小野浄谷浄土寺。","俳句","涼し","夏","2412"
"花ぞ雲動き出たる龍野衆","井原西鶴","34.870472","134.541717","句碑","西鶴句碑。","俳句","花","春","119"
"朧銀の水のめぐりて初ざくら","加藤三七子","34.86848","134.545024","句碑","加藤三七子句碑。","俳句","朧","春","978"
"虫の夜の絶壁というおくりもの","森田廣","35.43181","133.198055","句碑","森田廣句碑。","俳句","虫","秋","3251"
"盤石をぬく燈台や夏近し","原石鼎","35.361448","132.756962","句碑","原石鼎歌碑。","俳句","夏近し","春","111"
"磯鷲はかならず巌にとまりけり","原石鼎","35.431949","132.635756","句碑","原石鼎句碑。","俳句","鳧","夏","2556"
"冬夜の駅妻一人の出迎がよし","和田博雄","34.663575","133.92276","句碑","和田博雄句碑。","俳句","冬","冬","4133"
"旅は優し窓で月見る今宵かな","飯尾宗祗","34.613894","134.169853","句碑","飯尾宗祗句碑。","俳句","月見","秋","2814"
"木蓮や塀の外吹く俄風","内田百閒","34.66285","133.941103","句碑","内田百閒句碑。","俳句","木蓮","春","908"
"桜さく日本に生れ男かな","巖谷小波","34.489922","133.36198","句碑","巖谷小波句碑 福山城。","俳句","桜","春","308"
"あけはなつや満山のみどり山頭火","種田山頭火","34.454979","133.026387","句碑","種田山頭火句碑。","俳句","","",""
"悲しみの夏雲へむけ鳩放つ","中曽根康弘","34.393641","132.454529","句碑","中曽根康弘句碑「悲しみの 夏雲へむけ 鳩放つ」。","俳句","夏","夏","1263"
"呉かあらぬ春の裾山灯をともす","正岡子規","34.232251","132.560705","句碑","子規句碑。","俳句","あら","冬","3635"
"晴れ渡る八代の里は鶴のもの","水田千代子","34.088034","131.94271","句碑","ツルの句碑 千代子。","俳句","鶴","冬","4123"
"石庭の最も月に濡れ易し","梶原転石","34.197446","131.490298","句碑","梶原転石句碑。","俳句","月","秋","2813"
"ちんぽこもおそそも湧いて溢れる湯","種田山頭火","34.166668","131.458478","句碑","種田山頭火句碑 湯田温泉。","俳句","","",""
"京に似し美き山川風薫る","森永杉洞","34.187803","131.471518","句碑","薫風句碑。","俳句","風薫る","夏","2284"
"偉大なる存在なりし松下塾","井上剣花坊","34.41226","131.41734","句碑","井上剣花坊句碑。","俳句","","",""
"松に月古き景色を時雨け里","梶原芭臣","34.357378","134.100993","句碑","梶原芭臣石碑。","俳句","時雨","冬","3926"
"頭上の岩をめぐるや秋の雲","正岡子規","34.510702","134.297199","句碑","正岡子規句碑。","俳句","秋の雲","秋","2948"
"稲むしろあり飯の山あり昔今","高浜虚子","34.286959","133.800936","句碑","高浜虚子句碑。","俳句","稲","秋","2635"
"広重の絵になる港鯛が釣れ","水川浮沈子","34.294907","133.793421","句碑","水川浮沈子 句碑。","俳句","","",""
"山路きてなにやらゆかし菫草","松尾芭蕉","34.25586","133.727814","句碑","松尾芭蕉句碑多度津白方（海岸寺）。","俳句","菫","春","1001"
"雉子鳴くや笠に音ある散松葉","宇田松琴","34.25586","133.727814","句碑","松尾芭蕉句碑多度津白方（海岸寺）。","俳句","雉","春","1031"
"月の黒鯛ぴんぴんはねるよ","種田山頭火","34.324188","134.179702","句碑","種田山頭火句碑。","俳句","黒鯛","夏","1622"
"ここが打留の水があふれてゐる","種田山頭火","34.191302","134.206995","句碑","種田山頭火句碑。","俳句","","",""
"今迄は大師とたのみし金剛杖つきて収める大窪の寺","種田山頭火","34.191302","134.206995","句碑","種田山頭火句碑。","俳句","","",""
"うたた寝のときも手に持つ遍路杖","木村閑流","34.159028","134.502517","句碑","木村閑流句碑。","俳句","","",""
"恋の日の白き灯台黒揚羽","福島せいぎ","33.835246","134.747452","句碑","蒲生田岬 恋の歌 句碑。","俳句","","",""
"牛行くや毘沙門阪の秋の暮","正岡子規","33.84507","132.77259","句碑","正岡子規句碑「牛行くや毘沙門阪の秋の暮」。","俳句","秋の暮","秋","2990"
"春や昔十五万石の城下哉","正岡子規","33.840704","132.751718","句碑","正岡子規句碑「春や昔十五万石の城下哉」。","俳句","春","春","420"
"葉桜の中の無数の空さわぐ","篠原 梵","33.847551","132.795148","句碑","篠原梵句碑「葉桜の中の無数の空さわぐ」。","俳句","葉桜","夏","2392"
"草茂みベースボールの道白し","正岡子規","33.809745","132.747696","句碑","正岡子規句碑「草茂みベースボールの道白し」。","俳句","茂","夏","2337"
"ていれぎの下葉浅黄に秋の風","正岡子規","33.79176","132.811945","句碑","正岡子規句碑「ていれぎの下葉浅黄に秋の風」。","俳句","ていれぎ","春","35"
"十一人一人になりて秋の暮","正岡子規","33.865077","132.709788","句碑","正岡子規句碑「十一人一人になりて秋の暮｣。","俳句","秋の暮","秋","2990"
"ものいへは唇寒し秋の風","松尾芭蕉","34.068372","132.995592","句碑","松尾芭蕉句碑。","俳句","寒し","冬","3752"
"来島の渦にも遊び秋遍路","深川正一郎","34.068658","132.995968","句碑","深川正一郎句碑。","俳句","秋遍路","秋","3045"
"芋鍋の煮にゆるや秋の音しずか","松根東洋城","33.510521","132.54367","句碑","松根東洋城句碑。","俳句","秋","秋","2943"
"古池や蛙とび込む水の音","松尾芭蕉","34.018046","133.027569","句碑","松尾芭蕉句碑今治桜井旦（道脇碑）。","俳句","蛙","春","174"
"涛音の太古の響神の春","河野静雲","33.609237","130.255191","句碑","防塁句碑。","俳句","春","春","420"
"汝もこの神の氏子や小春凪","高浜虚子","33.319764","130.495625","句碑","高浜虚子句碑。","俳句","小春","冬","3970"
"汝もこの神の氏子や小春凪","正岡子規","33.319764","130.495625","句碑","高浜虚子句碑。","俳句","小春","冬","3970"
"花掃けば花より抜けて蝶飛べり","石橋忍月","33.205282","130.556068","句碑","石橋忍月句碑。","俳句","花","春","119"
"親方と呼びかけられし毛布哉","夏目漱石","33.31136","130.56618","句碑","夏目漱石句碑。","俳句","毛布","冬","4342"
"筑後路や丸い山吹く春の風","夏目漱石","33.29741","130.581672","句碑","夏目漱石句碑。","俳句","春の風","春","451"
"濃かに弥生の雲の流れけり","夏目漱石","33.298012","130.646219","句碑","夏目漱石句碑。","俳句","弥生","春","922"
"太閤が睨みし海の霞かな","青木月斗","33.530756","129.869363","句碑","青木月斗句碑。","俳句","霞","春","152"
"春もやゝけしきとゝのふ月と梅","松尾芭蕉","33.449662","129.965419","句碑","松尾芭蕉句碑。","俳句","春","春","420"
"春もやゝけしきとゝのふ月と梅","松尾芭蕉","33.449661","129.965419","句碑","松尾芭蕉句碑。","俳句","春","春","420"
"めにかかる雲やしばしのわたり鳥翁","松尾芭蕉","32.750666","129.896673","句碑","渡鳥塚。","俳句","","",""
"志はら九八花のうへ那る月夜かな","松尾芭蕉","32.741144","129.883992","句碑","松尾芭蕉句碑長崎鍛冶屋（花見塚)。","俳句","月","秋","2813"
"君か手もましるなるへし花薄去来","松尾芭蕉","32.751904","129.92636","句碑","芒塚句碑。","俳句","花","春","119"
"安々と海鼠の如き子を産めり","夏目漱石","32.810331","130.709052","句碑","夏目漱石句碑（内坪井旧居）。","俳句","海鼠","冬","3733"
"しめ縄や春の水湧く水前寺","夏目漱石","32.791568","130.734202","句碑","夏目漱石句碑。","俳句","春の水","春","436"
"大根舟続く炭舟下り舟","井上微笑","32.241461","130.870247","句碑","立岩の史跡。","俳句","大根","冬","4083"
"秋晴の大観峰に今来たり","高浜虚子","32.998505","131.072058","句碑","高浜虚子句碑。","俳句","秋晴","秋","3031"
"鷹舞うて阿蘇を遮るものもなく","大久保澄青","32.998505","131.072058","句碑","大久保澄青。","俳句","鷹","冬","4090"
"梅が香にのっと日乃出る山路かな","松尾芭蕉","32.733985","131.349825","句碑","松尾芭蕉句碑高千穂岩戸。","俳句","梅","春","791"
"しんしんと肺碧きまで海の旅","篠原鳳昨","31.157482","130.587593","句碑","篠原鳳昨句碑。","俳句","","",""
"満天の星に旅ゆくマストあり","篠原鳳昨","31.157482","130.587593","句碑","篠原鳳昨句碑。","俳句","","",""
"幾日はも青うなはらの円心に","篠原鳳昨","31.157482","130.587593","句碑","篠原鳳昨句碑。","俳句","","",""
"熔岩に秋風の吹きわたりけり","高浜虚子","31.590766","130.600344","句碑","高濱虚子句碑。","俳句","秋風","秋","3042"
"熔岩色を重ねて古りて冬ざれて","高濱年尾","31.588448","130.591481","句碑","高濱年尾句碑。","俳句","冬ざれ","冬","4134"
"島大根引くや背に降る熱き火山灰","淵脇護","31.5826","130.592678","句碑","淵脇護句碑。","俳句","大根引","冬","4084"
"噴煙の俄に高く菊咲けり","米谷静二","31.595589","130.600365","句碑","米谷静二句碑。","俳句","鳧","夏","2556"
"地に垂りていよいよあをきさくらかな","角川春樹","31.581836","130.594412","句碑","角川照子・角川春樹句碑。","俳句","","",""
"マグマ湯の赫く溢れて梅雨の月","横山房子","31.585966","130.592251","句碑","横山房子句碑。","俳句","梅雨","夏","2157"
"桜島とどろき噴けり旧端午","水原 秋桜子","31.580742","130.597539","句碑","水原秋桜子句碑。","俳句","端午","夏","2006"
"ぬれぎぬを干そうともせず子供らがなすがまにまに果てし君かな","勝海舟","31.605944","130.5593","句碑","勝海舟歌碑。","俳句","","",""
"夕月夜みやらひの齒の波寄する","沢木欣一","26.872202","128.264477","句碑","沢木欣一句碑。","俳句","夕月夜","秋","3504"
"月清し遊行の持てる砂の上","松尾芭蕉","35.654345","136.074934","句碑","松尾芭蕉月詠五句の碑。","俳句","月","秋","2813"
"あすの月雨占なはんひなが嶽","松尾芭蕉","35.824722","136.202514","句碑","松尾芭蕉句碑。","俳句","月","秋","2813"
"あすの月雨占なはんひなが嶽","松尾芭蕉","35.824722","136.202514","句碑","松尾芭蕉句碑。","俳句","月","秋","2813"
"稲田おほふ雲冷やかに暮れてゆく","臼田亜浪","36.574554","136.675932","句碑","三雲塚（句碑）。","俳句","冷やか","秋","3536"
"雲の上に立山すわる春日かな","小松砂丘","36.574554","136.675932","句碑","三雲塚（句碑）。","俳句","春日","春","517"
"ふるさとよ母よ夏雲は高く候","青柳菁々","36.574554","136.675932","句碑","三雲塚（句碑）。","俳句","夏","夏","1263"
"ちる柳あるじも我も鐘をきく","松尾芭蕉","36.572283","136.669241","句碑","松尾芭蕉句碑 柳隠軒。","俳句","柳","春","927"
"今日よりや書き付け消さん笠の露","松尾芭蕉","36.24635","136.373942","句碑","松尾芭蕉句碑山中温泉芭蕉の館(木製)「今日よりや 書き付け消さん 笠の露」。","俳句","露","秋","3544"
"山中や菊はたおらじ湯のにおい","松尾芭蕉","36.245184","136.375828","句碑","松尾芭蕉句碑山中温泉道明ヶ淵 「山中や 菊はたおらじ 湯のにおい 」。","俳句","菊","秋","2739"
"漁火にかじかや波のしたむせび","松尾芭蕉","36.24035","136.372496","句碑","松尾芭蕉句碑山中温泉無限庵 「漁火に かじかや波の したむせび」。","俳句","","",""
"漁火に河鹿や波の下むせび","松尾芭蕉","36.232574","136.362405","句碑","松尾芭蕉句碑加賀山中温泉平岩橋（西詰欄干碑）。","俳句","河鹿","夏","1361"
"むざんやな甲かぶとの下のきりぎりす","松尾芭蕉","36.350666","136.322919","句碑","尼御前 松尾芭蕉句碑。","俳句","きりぎりす","秋","2583"
"あかあかと日は難面もあきの風","松尾芭蕉","36.416098","136.449171","句碑","松尾芭蕉句碑小松天満宮・梅林院 「あかあかと 日はつれなくも あきの風」。","俳句","","",""
"石山の石より白し秋の風","松尾芭蕉","36.311567","136.420282","句碑","松尾芭蕉句碑。","俳句","秋","秋","2943"
"誰も来ず静かな山の池","折口信夫","36.928058","136.767504","句碑","折口 信夫句碑。","俳句","","",""
"川上とこの川下や月の友","松尾芭蕉","37.152182","136.737503","句碑","冨木八幡神社社務所。","俳句","月","秋","2813"
"名月に麓の霧や田のくもり","松尾芭蕉","37.396621","136.935509","句碑","嶽薬師。","俳句","名月","秋","3453"
"うつし世の楽土静けし花に鳥","塩田紅果","37.458621","137.075951","句碑","塩田句碑。","俳句","花","春","119"
"宴つづく思ひの朝寝さへづれり","筏井竹の門","36.750646","137.022634","句碑","筏井竹の門句碑。","俳句","朝寝","春","696"
"雪山に雪の降り居る夕かな","前田普羅","36.793155","137.015731","句碑","前田普羅 句碑。","俳句","雪","冬","4033"
"早稲の香や分け入る右は有磯海","松尾芭蕉","36.780435","137.094774","句碑","放生津八幡宮 松尾芭蕉句碑「早稲の香 句碑」。","俳句","早稲","秋","3190"
"早稲の香やわけ入る右は有磯海","松尾芭蕉","36.796076","137.418126","句碑","松尾芭蕉句碑。","俳句","早稲","秋","3190"
"早稲の香やわけ入る右は有磯海","松尾芭蕉","36.796076","137.418126","句碑","松尾芭蕉句碑。","俳句","早稲","秋","3190"
"早稲の香や分け入る右は有磯海","松尾芭蕉","36.964291","137.576388","句碑","松尾芭蕉句碑(元屋敷)。","俳句","早稲","秋","3190"
"あかあかと日は難面も秋の風","松尾芭蕉","36.684288","137.019081","句碑","松尾芭蕉句碑。","俳句","秋","秋","2943"
"文月や六日も常の夜には似ず","松尾芭蕉","37.180797","138.245504","句碑","琴平神社。","俳句","六日","暮・新年","4969"
"薬欄にいづれの花をくさ枕","松尾芭蕉","37.167659","138.224905","句碑","五智国分寺境内 松尾芭蕉句碑。","俳句","花","春","119"
"一つ家に遊女も寝たり萩と月","松尾芭蕉","36.982682","137.657752","句碑","松尾芭蕉宿泊市振桔梗屋跡。","俳句","月","秋","2813"
"曙や霧にうつまく鐘の聲","松尾芭蕉","37.10689","137.993868","句碑","汐路の鐘碑。","俳句","霧","秋","3449"
"文月の六日も常の夜には似ず","松尾芭蕉","37.167588","138.112801","句碑","松尾芭蕉句碑。","俳句","六日","暮・新年","4969"
"いざゆかん雪見に転ぶ所まで","松尾芭蕉","37.828126","139.151404","句碑","松尾芭蕉句碑。","俳句","雪見","冬","4041"
"汗なんど拭いて貰うて別れけり","尾崎紅葉","37.815816","138.279051","句碑","尾崎紅葉句碑。","俳句","鳧","夏","2556"
"百敷や古き軒端のしのぶにもなほあまりある昔なりけり","順徳上皇","38.016724","138.345257","句碑","黒木御所跡。","俳句","","",""
"雲折々人を休むる月見かな","松尾芭蕉","38.229166","139.481817","句碑","加賀町稲荷 芭蕉句碑。","俳句","月見","秋","2814"
"けふばかり人も年よれ初しぐれ","松尾芭蕉","38.229166","139.481817","句碑","上片町〔地蔵堂〕 芭蕉句碑。","俳句","初時雨","冬","3955"
"けふはかり人も年よれ初しくれ","松尾芭蕉","38.104818","139.407394","句碑","菅田公会堂 芭蕉句碑。","俳句","","",""
"隠れ家や目だたぬ花を軒の栗","松尾芭蕉","37.286244","140.374091","句碑","松尾芭蕉句碑須賀川可伸庵跡。","俳句","栗","秋","2797"
"五月雨の滝降りうづむみかさかな","松尾芭蕉","37.247244","140.391612","句碑","乙字ヶ滝 松尾芭蕉句碑。","俳句","五月雨","夏","1586"
"磐梯の雪真向に八重桜","豊田君仙子","37.562277","140.104109","句碑","豊田君仙子 句碑。","俳句","八重桜","春","810"
"雲折々人を休める月見かな","松尾芭蕉","38.423583","141.308172","句碑","石巻日和山公園 松尾芭蕉句碑。","俳句","月見","秋","2814"
"松風の落葉か水の音涼し","松尾芭蕉","38.260599","140.346646","句碑","松尾芭蕉句碑山形出羽国分寺。","俳句","涼し","夏","2412"
"名月に麓の霧や田の曇り","松尾芭蕉","38.157901","140.275915","句碑","松尾芭蕉句碑上山月岡神社。","俳句","名月","秋","3453"
"閑さや岩にしみ入る蝉の声","松尾芭蕉","38.312431","140.437314","句碑","松尾芭蕉句碑 立石寺。","俳句","蝉","夏","1921"
"五月雨をあつめて早し最上川","松尾芭蕉","38.786341","140.026938","句碑","松尾芭蕉上陸の地。","俳句","五月雨","夏","1586"
"いくそたび生れ生れて日の本の学びの道を護り立てなむ","橋田邦彦","35.322387","136.030746","ゆかりの地","橋田邦彦辞世歌碑","短歌","","",""
"浮き世をば今こそ渡れ武士の名を高松の苔に残して","清水宗治","34.692652","133.822163","ゆかりの地","清水宗治辞世の句石碑","短歌","","",""
"君がため名を高松にとめおきて心は皈故郷の方","末近信賀","34.499769","133.009484","ゆかりの地","末近信賀 辞世之句碑","短歌","","",""
"面白きこともなき世をおもしろく住みなすものは心なりけり","高杉晋作","33.96064","130.941846","ゆかりの地","高杉晋作句碑","短歌","","",""
"流れての末の世遠く埋もれぬ名をや岩屋の苔の下水","高橋紹運公","33.530317","130.521893","ゆかりの地","高橋紹運公辞世の句碑","短歌","","",""
"戦友等眠るバタンの山を眺めつゝマニラの土となるもまたよし","本間雅晴","14.5939674","120.4943449","ゆかりの地","Samat山","短歌","","",""
"かくありて許さるべきや密林の木陰に消えし友等を思へば","本間雅晴","14.5687853","120.8559059","ゆかりの地","Manila","短歌","","",""
"待てしばし勲残してゆきし友後な慕いて我もゆきなむ","山下奉文","14.1714685","121.2223253","句碑","General Yamashita Memorial Monument","短歌","","",""
"百敷や古き軒端のしのぶにもなほあまりある昔なりけり","順徳上皇","38.016724","138.345257","ゆかりの地","黒木御所跡","短歌","","",""
"風さそう花よりもなほ我はまた春の名残をいかにとやせん","伊藤七十郎","38.056563","140.75801","ゆかりの地","伊藤七十郎辞世の句碑","短歌","","",""
"蝦夷見てもくもりも波の月きよく吹く口びわの声の涼しさ","菅原真澄","42.526417","140.778351","句碑","菅江真澄歌碑。北海道虻田郡洞爺湖町入江８７ 歴史公園","短歌","","",""
"春の山のうしろから烟が出だした","尾崎放哉","35.50412","134.241213","ゆかりの地","尾崎放哉句碑","俳句","春の山","春","433"
"消ゆるともよし正風の美濃の雪","偕楽庵理圭坊","33.96928","132.110232","ゆかりの地","偕楽庵理圭坊句碑 誓光寺","俳句","雪","冬","4033"
"草の戸も住替る代ぞ雛の家","松尾芭蕉","35.6762","139.7918","紀行文","江戸深川 (現在の東京都江東区)","俳句","雛祭","春","602"
"行く春や鳥啼き魚の目は泪","松尾芭蕉","35.7503","139.8048","紀行文","千住大橋付近 (現在の東京都足立区)","俳句","行く春","春","285"
"暫時は滝に籠るや夏の初","松尾芭蕉","36.7435","139.5995","紀行文","日光裏見の滝 (栃木県日光市)","俳句","初夏","夏","1739"
"夏山に足駄を拝む首途かな","松尾芭蕉","36.8667","140.1","紀行文","黒羽 (現在の栃木県大田原市黒羽)","俳句","夏","夏","1263"
"あらたふと青葉若葉の日の光","松尾芭蕉","36.758077","139.598836","紀行文","日光東照宮","俳句","あら","冬","3635"
"木啄も庵は破らず夏木立","松尾芭蕉","36.85242806","140.2099228","紀行文","雲厳寺 (栃木県大田原市黒羽雲岩寺)","俳句","夏木立","夏","1349"
"野を横に馬牽向けよほとゝぎす","松尾芭蕉","36.93095788","140.0883865","紀行文","奥州街道 野間","俳句","時鳥","夏","1697"
"田一枚植ゑて立ち去る柳かな","松尾芭蕉","36.99514515","140.1653606","紀行文","芦野 遊行柳","俳句","柳","春","927"
"卯の花をかざしに関の晴着かな","河合曾良","37.04727378","140.2280009","紀行文","白河の関","俳句","卯の花","夏","1221"
"風流の初はじめや奥の田植歌","松尾芭蕉","37.28601282","140.3750074","紀行文","須賀川","俳句","田植","夏","2076"
"世の人の見付つけぬ花や軒の栗","松尾芭蕉","37.2861349","140.374381","紀行文","松尾芭蕉句碑須賀川可伸庵跡","俳句","栗","秋","2797"
"早苗とる手もとや昔しのぶ摺ずり","松尾芭蕉","37.77091404","140.5142194","紀行文","文知摺観音 普門院","俳句","早苗","夏","1953"
"笈おひも太刀も五月にかざれ帋幟","松尾芭蕉","37.82289989","140.4410219","紀行文","瑠璃光山 医王寺","俳句","五月","夏","1583"
"笠島はいづこ五月のぬかり道","松尾芭蕉","38.17072097","140.84993","紀行文","笠島","俳句","五月","夏","1583"
"桜より松は二木を三月越し","松尾芭蕉","38.10670289","140.8624399","紀行文","岩沼","俳句","三月","春","326"
"あやめ草足に結ばん草鞋の緒","松尾芭蕉","38.26026369","140.8707386","紀行文","宮城野","俳句","あやめ","夏","1061"
"松島や鶴に身をかれほととぎす","河合曾良","38.36967239","141.0628009","紀行文","松島","俳句","時鳥","夏","1697"
"夏草や兵どもが夢の跡","松尾芭蕉","38.99715758","141.1142135","紀行文","平泉（岩手県平泉町・高館）","俳句","夏草","夏","1325"
"卯の花に兼房見ゆる白毛かな","河合曾良","38.99715758","141.1142135","紀行文","平泉（岩手県平泉町・高館）","俳句","卯の花","夏","1221"
"五月雨の降残してや光堂","松尾芭蕉","39.00145996","141.0999012","紀行文","平泉（岩手県平泉町・中尊寺金色堂）","俳句","五月雨","夏","1586"
"蚤虱馬の尿する枕もと","松尾芭蕉","38.73740635","140.6164813","紀行文","尾花沢（山形県尾花沢市）","俳句","虱","夏","2515"
"涼しさを我が宿にしてねまる也","松尾芭蕉","38.60580427","140.4045224","紀行文","尾花沢（山形県尾花沢市）","俳句","涼し","夏","2412"
"這出よ飼屋が下の蟾の声","松尾芭蕉","38.60580427","140.4045224","紀行文","尾花沢（山形県尾花沢市）","俳句","蟇","夏","2535"
"眉掃を俤にして紅粉の花","松尾芭蕉","38.60580427","140.4045224","紀行文","尾花沢（山形県尾花沢市）","俳句","花","春","119"
"蚕飼する人は古代のすがた哉","河合曾良","38.60580427","140.4045224","紀行文","尾花沢（山形県尾花沢市）","俳句","蚕飼","春","353"
"閑さや岩にしみ入蝉の声","松尾芭蕉","38.31606196","140.4342842","紀行文","山形・立石寺（山形市）","俳句","蝉","夏","1921"
"五月雨を集めて早し最上川","松尾芭蕉","38.73975792","140.1410866","紀行文","最上川（山形県大石田～酒田）","俳句","五月雨","夏","1586"
"有難や雪をかをらす南谷","松尾芭蕉","38.69636269","139.9803257","紀行文","出羽三山・南谷（山形県鶴岡市）","俳句","雪","冬","4033"
"涼しさやほの三日月の羽黒山","松尾芭蕉","38.69636269","139.9803257","紀行文","出羽三山・羽黒山（山形県鶴岡市）","俳句","三日月","秋","2888"
"雲の峰幾つ崩れて月の山","松尾芭蕉","38.54866887","140.0270605","紀行文","月山（山形県鶴岡市）","俳句","雲の峰","夏","1238"
"語られぬ湯殿にぬらす袂かな","松尾芭蕉","38.54202305","139.9858189","紀行文","出羽三山・湯殿山（山形県鶴岡市）","俳句","湯殿詣","夏","2099"
"あつみ山や吹浦かけて夕涼み","松尾芭蕉","38.91828427","139.8274612","紀行文","吹浦（山形県遊佐町）","俳句","涼む","夏","2415"
"暑き日を海に入れたり最上川","松尾芭蕉","38.91828427","139.8274612","紀行文","酒田（山形県酒田市）","俳句","暑き日","夏","1741"
"象潟や雨に西施が合歓の花","松尾芭蕉","39.21503181","139.9108028","紀行文","象潟（秋田県にかほ市）","俳句","合歓の花","夏","1619"
"汐越や鶴脛ぬれて海涼し","松尾芭蕉","39.21503181","139.9108028","紀行文","象潟（秋田県にかほ市）","俳句","涼し","夏","2412"
"文月や六日も常の夜には似ず","松尾芭蕉","37.54311416","138.687501","紀行文","出雲崎（新潟県出雲崎町）","俳句","六日","暮・新年","4969"
"荒海や佐渡に横たふ天河","松尾芭蕉","37.54311416","138.687501","紀行文","柏崎（新潟県柏崎市）","俳句","天の川","秋","3281"
"一家に遊女も寝たり萩と月","松尾芭蕉","36.98167353","137.6560253","紀行文","那古（富山県高岡市伏木）","俳句","月","秋","2813"
"早稲の香や分入る右は有磯海","松尾芭蕉","36.78010793","137.0942259","紀行文","高岡（富山県高岡市）","俳句","早稲","秋","3190"
"塚も動け我が泣声は秋の風","松尾芭蕉","36.57059664","136.664257","紀行文","金沢（石川県金沢市）","俳句","秋","秋","2943"
"秋涼し手毎にむけや瓜茄子","松尾芭蕉","36.57059664","136.664257","紀行文","金沢（石川県金沢市）","俳句","涼し","夏","2412"
"あかあかと日は難面も秋の風","松尾芭蕉","36.57059664","136.664257","紀行文","小松（石川県小松市）","俳句","秋","秋","2943"
"しをらしき名や小松吹く萩すすき","松尾芭蕉","36.39638028","136.4481354","紀行文","小松（石川県小松市）","俳句","萩","秋","3333"
"むざんやな甲の下のきりぎりす","松尾芭蕉","36.39638028","136.4481354","紀行文","那谷寺（石川県小松市那谷町）","俳句","きりぎりす","秋","2583"
"石山の石より白し秋の風","松尾芭蕉","36.31352148","136.4206749","紀行文","那谷寺（石川県小松市那谷町）","俳句","秋","秋","2943"
"山中や菊はたをらぬ湯の匂ひ","松尾芭蕉","36.24662672","136.373173","紀行文","山中温泉（石川県加賀市山中温泉）","俳句","菊","秋","2739"
"今日よりや書付消さん笠の露","松尾芭蕉","36.24662672","136.373173","紀行文","敦賀（福井県敦賀市）","俳句","露","秋","3544"
"行行てたふれ伏ふすとも萩の原","河合曾良","36.24662672","136.373173","紀行文","敦賀（福井県敦賀市）","俳句","萩","秋","3333"
"庭掃きて出でばや寺に散る柳","松尾芭蕉","36.30113629","136.308639","紀行文","敦賀（福井県敦賀市）","俳句","柳","春","927"
"終宵秋風聞くやうらの山","河合曾良","36.30113629","136.308639","紀行文","敦賀（福井県敦賀市）","俳句","秋風","秋","3042"
"物書きて扇引きさく余波哉","松尾芭蕉","36.09067306","136.2997395","紀行文","南越（福井県南越前町・今庄宿付近）","俳句","扇","夏","1935"
"月清し遊行の持てる砂の上","松尾芭蕉","35.65529559","136.07467","紀行文","大垣（岐阜県大垣市）※終着地","俳句","月","秋","2813"
"名月や北国日和定めなき","松尾芭蕉","35.65339513","136.0669881","紀行文","大垣（岐阜県大垣市）","俳句","名月","秋","3453"
"寂しさや須磨に勝ちたる浜の秋","松尾芭蕉","35.73029701","136.0342383","紀行文","大垣（岐阜県大垣市、須磨に寄せて詠む）","俳句","秋","秋","2943"
"波の間や小貝にまじる萩の塵","松尾芭蕉","35.73029701","136.0342383","紀行文","大垣（岐阜県大垣市）","俳句","まじ","夏","1161"
"蛤のふたみに別れ行く秋ぞ","松尾芭蕉","35.52384402","136.1535645","紀行文","大垣から伊勢へ下る船路・二見浦（三重県伊勢市）","俳句","行く秋","秋","2859"
